{
  "enderecos": {
    "AC": [
      {"cep": "69900-768", "rua": "Avenida Nações Unidas", "bairro": "Bosque", "cidade": "Rio Branco"},
      {"cep": "69901-180", "rua": "Rua Coronel José Galdino", "bairro": "Centro", "cidade": "Rio Branco"},
      {"cep": "69915-631", "rua": "Rua Alvorada", "bairro": "Conjunto Universitário", "cidade": "Rio Branco"},
      {"cep": "69918-614", "rua": "Rua Epaminondas Jácome", "bairro": "Base", "cidade": "Rio Branco"},
      {"cep": "69906-426", "rua": "Rua Seis de Agosto", "bairro": "Aviário", "cidade": "Rio Branco"},
      {"cep": "69907-560", "rua": "Travessa Juvenal Antunes", "bairro": "Cadeia Velha", "cidade": "Rio Branco"},
      {"cep": "69919-700", "rua": "Rua das Acácias", "bairro": "Floresta", "cidade": "Rio Branco"},
      {"cep": "69920-106", "rua": "Rua Quintino Bocaiúva", "bairro": "Papôco", "cidade": "Rio Branco"},
      {"cep": "69900-074", "rua": "Rua Marechal Deodoro", "bairro": "Centro", "cidade": "Rio Branco"},
      {"cep": "69925-000", "rua": "Estrada Dias Martins", "bairro": "Chácara Ipê", "cidade": "Rio Branco"}
    ],
    "AL": [
      {"cep": "57020-320", "rua": "Rua Barão de Penedo", "bairro": "Centro", "cidade": "Maceió"},
      {"cep": "57035-260", "rua": "Rua Engenheiro Mário de Gusmão", "bairro": "Ponta Verde", "cidade": "Maceió"},
      {"cep": "57036-610", "rua": "Avenida Assis Chateaubriand", "bairro": "Pajuçara", "cidade": "Maceió"},
      {"cep": "57051-270", "rua": "Rua Professor Sandoval Arroxelas", "bairro": "Jatiúca", "cidade": "Maceió"},
      {"cep": "57025-280", "rua": "Rua do Comércio", "bairro": "Jaraguá", "cidade": "Maceió"},
      {"cep": "57040-600", "rua": "Avenida Fernandes Lima", "bairro": "Farol", "cidade": "Maceió"},
      {"cep": "57046-180", "rua": "Rua Desportista Humberto Guimarães", "bairro": "Mangabeiras", "cidade": "Maceió"},
      {"cep": "57052-420", "rua": "Rua Cônego Machado", "bairro": "Cruz das Almas", "cidade": "Maceió"},
      {"cep": "57022-145", "rua": "Rua Sá e Albuquerque", "bairro": "Trapiche da Barra", "cidade": "Maceió"},
      {"cep": "57080-410", "rua": "Avenida Menino Marcelo", "bairro": "Serraria", "cidade": "Maceió"}
    ],
    "AP": [
      {"cep": "68900-073", "rua": "Avenida FAB", "bairro": "Central", "cidade": "Macapá"},
      {"cep": "68901-220", "rua": "Rua Hamilton Silva", "bairro": "Jesus de Nazaré", "cidade": "Macapá"},
      {"cep": "68906-230", "rua": "Rua Jovino Dinoá", "bairro": "Trem", "cidade": "Macapá"},
      {"cep": "68908-110", "rua": "Rua Adilson José Pinto Pereira", "bairro": "Buritizal", "cidade": "Macapá"},
      {"cep": "68900-095", "rua": "Rua Cândido Mendes", "bairro": "Centro", "cidade": "Macapá"},
      {"cep": "68902-140", "rua": "Rua Leopoldo Machado", "bairro": "Laguinho", "cidade": "Macapá"},
      {"cep": "68925-000", "rua": "Rodovia Juscelino Kubitschek", "bairro": "Universidade", "cidade": "Macapá"},
      {"cep": "68903-419", "rua": "Avenida Ernestino Borges", "bairro": "Pacoval", "cidade": "Macapá"},
      {"cep": "68906-440", "rua": "Rua Mário Cruz", "bairro": "Santa Rita", "cidade": "Macapá"},
      {"cep": "68901-025", "rua": "Rua São José", "bairro": "Centro", "cidade": "Macapá"}
    ],
    "AM": [
      {"cep": "69005-040", "rua": "Avenida Eduardo Ribeiro", "bairro": "Centro", "cidade": "Manaus"},
      {"cep": "69020-030", "rua": "Avenida Sete de Setembro", "bairro": "Centro", "cidade": "Manaus"},
      {"cep": "69057-070", "rua": "Avenida Constantino Nery", "bairro": "Chapada", "cidade": "Manaus"},
      {"cep": "69083-000", "rua": "Avenida Grande Circular", "bairro": "São José", "cidade": "Manaus"},
      {"cep": "69093-415", "rua": "Rua Belo Horizonte", "bairro": "Adrianópolis", "cidade": "Manaus"},
      {"cep": "69055-141", "rua": "Rua 24 de Maio", "bairro": "Nossa Senhora das Graças", "cidade": "Manaus"},
      {"cep": "69040-000", "rua": "Avenida Djalma Batista", "bairro": "Flores", "cidade": "Manaus"},
      {"cep": "69025-050", "rua": "Rua Mundurucu", "bairro": "Praça 14 de Janeiro", "cidade": "Manaus"},
      {"cep": "69050-020", "rua": "Avenida Joaquim Nabuco", "bairro": "Centro", "cidade": "Manaus"},
      {"cep": "69088-058", "rua": "Rua Professor Márcio Lima", "bairro": "Alvorada", "cidade": "Manaus"}
    ],
    "BA": [
      {"cep": "40020-000", "rua": "Praça da Sé", "bairro": "Centro", "cidade": "Salvador"},
      {"cep": "40110-160", "rua": "Avenida Sete de Setembro", "bairro": "Vitória", "cidade": "Salvador"},
      {"cep": "40140-130", "rua": "Rua Chile", "bairro": "Centro", "cidade": "Salvador"},
      {"cep": "41820-770", "rua": "Avenida Paralela", "bairro": "Patamares", "cidade": "Salvador"},
      {"cep": "40301-110", "rua": "Avenida Centenário", "bairro": "Barra", "cidade": "Salvador"},
      {"cep": "40255-410", "rua": "Rua da Paciência", "bairro": "Rio Vermelho", "cidade": "Salvador"},
      {"cep": "41830-381", "rua": "Alameda das Espatódeas", "bairro": "Caminho das Árvores", "cidade": "Salvador"},
      {"cep": "40170-110", "rua": "Rua da Ajuda", "bairro": "Pelourinho", "cidade": "Salvador"},
      {"cep": "40070-010", "rua": "Avenida Contorno", "bairro": "Comércio", "cidade": "Salvador"},
      {"cep": "41950-610", "rua": "Rua Silveira Martins", "bairro": "Cabula", "cidade": "Salvador"}
    ],
    "CE": [
      {"cep": "60060-440", "rua": "Rua Barão do Rio Branco", "bairro": "Centro", "cidade": "Fortaleza"},
      {"cep": "60170-001", "rua": "Avenida Beira Mar", "bairro": "Meireles", "cidade": "Fortaleza"},
      {"cep": "60125-100", "rua": "Avenida Dom Luís", "bairro": "Aldeota", "cidade": "Fortaleza"},
      {"cep": "60165-081", "rua": "Rua Tibúrcio Cavalcante", "bairro": "Dionísio Torres", "cidade": "Fortaleza"},
      {"cep": "60540-260", "rua": "Rua José Vilar", "bairro": "Messejana", "cidade": "Fortaleza"},
      {"cep": "60811-341", "rua": "Avenida Washington Soares", "bairro": "Edson Queiroz", "cidade": "Fortaleza"},
      {"cep": "60025-100", "rua": "Rua Senador Pompeu", "bairro": "Centro", "cidade": "Fortaleza"},
      {"cep": "60440-230", "rua": "Avenida Bezerra de Menezes", "bairro": "São Gerardo", "cidade": "Fortaleza"},
      {"cep": "60355-450", "rua": "Rua Nogueira Acioly", "bairro": "Joaquim Távora", "cidade": "Fortaleza"},
      {"cep": "60015-100", "rua": "Rua Major Facundo", "bairro": "Centro", "cidade": "Fortaleza"}
    ],
    "DF": [
      {"cep": "70040-020", "rua": "SCS Quadra 1", "bairro": "Asa Sul", "cidade": "Brasília"},
      {"cep": "70297-400", "rua": "SQS 108", "bairro": "Asa Sul", "cidade": "Brasília"},
      {"cep": "70710-900", "rua": "SQN 210", "bairro": "Asa Norte", "cidade": "Brasília"},
      {"cep": "71215-000", "rua": "QS 1", "bairro": "Águas Claras", "cidade": "Brasília"},
      {"cep": "72220-140", "rua": "QNM 11", "bairro": "Ceilândia", "cidade": "Brasília"},
      {"cep": "71680-373", "rua": "Avenida Comercial", "bairro": "Núcleo Bandeirante", "cidade": "Brasília"},
      {"cep": "71020-031", "rua": "SGAN 910", "bairro": "Asa Norte", "cidade": "Brasília"},
      {"cep": "70390-140", "rua": "SBS Quadra 2", "bairro": "Asa Sul", "cidade": "Brasília"},
      {"cep": "71900-100", "rua": "Avenida Central", "bairro": "Núcleo Bandeirante", "cidade": "Brasília"},
      {"cep": "70770-200", "rua": "SCLN 405", "bairro": "Asa Norte", "cidade": "Brasília"}
    ],
    "ES": [
      {"cep": "29010-120", "rua": "Avenida Jerônimo Monteiro", "bairro": "Centro", "cidade": "Vitória"},
      {"cep": "29050-380", "rua": "Rua Sete de Setembro", "bairro": "Centro", "cidade": "Vitória"},
      {"cep": "29055-450", "rua": "Rua Gama Rosa", "bairro": "Praia do Canto", "cidade": "Vitória"},
      {"cep": "29060-120", "rua": "Avenida Nossa Senhora da Penha", "bairro": "Praia do Canto", "cidade": "Vitória"},
      {"cep": "29100-320", "rua": "Rua Chapot Presvot", "bairro": "Praia do Canto", "cidade": "Vitória"},
      {"cep": "29075-910", "rua": "Avenida Saturnino de Brito", "bairro": "Praia do Suá", "cidade": "Vitória"},
      {"cep": "29040-090", "rua": "Rua Nestor Gomes", "bairro": "Centro", "cidade": "Vitória"},
      {"cep": "29065-240", "rua": "Rua Constante Sodré", "bairro": "Santa Lúcia", "cidade": "Vitória"},
      {"cep": "29090-710", "rua": "Rua Desembargador Homero Mafra", "bairro": "Enseada do Suá", "cidade": "Vitória"},
      {"cep": "29056-030", "rua": "Rua José Alexandre Buaiz", "bairro": "Enseada do Suá", "cidade": "Vitória"}
    ],
    "GO": [
      {"cep": "74003-010", "rua": "Avenida Goiás", "bairro": "Centro", "cidade": "Goiânia"},
      {"cep": "74055-110", "rua": "Rua 4", "bairro": "Setor Central", "cidade": "Goiânia"},
      {"cep": "74223-060", "rua": "Avenida T-9", "bairro": "Setor Bueno", "cidade": "Goiânia"},
      {"cep": "74610-010", "rua": "Avenida 85", "bairro": "Setor Sul", "cidade": "Goiânia"},
      {"cep": "74805-100", "rua": "Avenida Anhanguera", "bairro": "Setor Leste Vila Nova", "cidade": "Goiânia"},
      {"cep": "74413-080", "rua": "Rua C-255", "bairro": "Jardim América", "cidade": "Goiânia"},
      {"cep": "74483-150", "rua": "Rua Guapó", "bairro": "Vila João Vaz", "cidade": "Goiânia"},
      {"cep": "74305-120", "rua": "Avenida T-63", "bairro": "Setor Bueno", "cidade": "Goiânia"},
      {"cep": "74093-220", "rua": "Rua 90", "bairro": "Setor Sul", "cidade": "Goiânia"},
      {"cep": "74210-250", "rua": "Avenida T-7", "bairro": "Setor Oeste", "cidade": "Goiânia"}
    ],
    "MA": [
      {"cep": "65010-440", "rua": "Rua da Paz", "bairro": "Centro", "cidade": "São Luís"},
      {"cep": "65020-590", "rua": "Rua do Giz", "bairro": "Centro", "cidade": "São Luís"},
      {"cep": "65076-310", "rua": "Avenida dos Holandeses", "bairro": "Calhau", "cidade": "São Luís"},
      {"cep": "65071-380", "rua": "Rua Grande", "bairro": "Centro", "cidade": "São Luís"},
      {"cep": "65075-120", "rua": "Avenida Litorânea", "bairro": "Ponta d'Areia", "cidade": "São Luís"},
      {"cep": "65065-470", "rua": "Rua de São Pantaleão", "bairro": "Centro", "cidade": "São Luís"},
      {"cep": "65085-580", "rua": "Avenida dos Franceses", "bairro": "São Francisco", "cidade": "São Luís"},
      {"cep": "65040-000", "rua": "Rua do Passeio", "bairro": "Centro", "cidade": "São Luís"},
      {"cep": "65060-645", "rua": "Rua do Sol", "bairro": "Centro", "cidade": "São Luís"},
      {"cep": "65031-380", "rua": "Rua 28 de Julho", "bairro": "Centro", "cidade": "São Luís"}
    ],
    "MT": [
      {"cep": "78005-100", "rua": "Avenida Getúlio Vargas", "bairro": "Centro", "cidade": "Cuiabá"},
      {"cep": "78020-800", "rua": "Avenida Isaac Póvoas", "bairro": "Centro", "cidade": "Cuiabá"},
      {"cep": "78048-265", "rua": "Avenida Fernando Corrêa da Costa", "bairro": "Coxipó", "cidade": "Cuiabá"},
      {"cep": "78043-336", "rua": "Rua Comandante Costa", "bairro": "Quilombo", "cidade": "Cuiabá"},
      {"cep": "78025-180", "rua": "Rua 13 de Junho", "bairro": "Centro", "cidade": "Cuiabá"},
      {"cep": "78085-000", "rua": "Avenida Historiador Rubens de Mendonça", "bairro": "Bosque da Saúde", "cidade": "Cuiabá"},
      {"cep": "78060-900", "rua": "Avenida Miguel Sutil", "bairro": "Consil", "cidade": "Cuiabá"},
      {"cep": "78015-200", "rua": "Rua Barão de Melgaço", "bairro": "Centro", "cidade": "Cuiabá"},
      {"cep": "78050-000", "rua": "Avenida do CPA", "bairro": "CPA", "cidade": "Cuiabá"},
      {"cep": "78032-000", "rua": "Rua Antônio Maria Coelho", "bairro": "Centro", "cidade": "Cuiabá"}
    ],
    "MS": [
      {"cep": "79002-073", "rua": "Avenida Afonso Pena", "bairro": "Centro", "cidade": "Campo Grande"},
      {"cep": "79020-200", "rua": "Rua 14 de Julho", "bairro": "Centro", "cidade": "Campo Grande"},
      {"cep": "79004-320", "rua": "Rua Dom Aquino", "bairro": "Centro", "cidade": "Campo Grande"},
      {"cep": "79051-000", "rua": "Avenida Mato Grosso", "bairro": "Jardim dos Estados", "cidade": "Campo Grande"},
      {"cep": "79032-500", "rua": "Avenida Gury Marques", "bairro": "Centro", "cidade": "Campo Grande"},
      {"cep": "79081-190", "rua": "Avenida Interlagos", "bairro": "JardimLeblon", "cidade": "Campo Grande"},
      {"cep": "79006-050", "rua": "Rua Barão do Rio Branco", "bairro": "Centro", "cidade": "Campo Grande"},
      {"cep": "79040-250", "rua": "Rua Ceará", "bairro": "Amambaí", "cidade": "Campo Grande"},
      {"cep": "79003-010", "rua": "Rua Rui Barbosa", "bairro": "Centro", "cidade": "Campo Grande"},
      {"cep": "79090-000", "rua": "Avenida Rachid Neder", "bairro": "Coronel Antonino", "cidade": "Campo Grande"}
    ],
    "MG": [
      {"cep": "30130-100", "rua": "Avenida Afonso Pena", "bairro": "Centro", "cidade": "Belo Horizonte"},
      {"cep": "30110-012", "rua": "Avenida Augusto de Lima", "bairro": "Centro", "cidade": "Belo Horizonte"},
      {"cep": "30140-071", "rua": "Rua da Bahia", "bairro": "Centro", "cidade": "Belo Horizonte"},
      {"cep": "30130-060", "rua": "Rua dos Carijós", "bairro": "Centro", "cidade": "Belo Horizonte"},
      {"cep": "30130-916", "rua": "Praça Sete de Setembro", "bairro": "Centro", "cidade": "Belo Horizonte"},
      {"cep": "30150-160", "rua": "Rua Rio de Janeiro", "bairro": "Centro", "cidade": "Belo Horizonte"},
      {"cep": "31270-010", "rua": "Avenida do Contorno", "bairro": "Savassi", "cidade": "Belo Horizonte"},
      {"cep": "30190-922", "rua": "Avenida Amazonas", "bairro": "Centro", "cidade": "Belo Horizonte"},
      {"cep": "30170-010", "rua": "Rua Espírito Santo", "bairro": "Centro", "cidade": "Belo Horizonte"},
      {"cep": "31010-000", "rua": "Avenida Raja Gabaglia", "bairro": "Luxemburgo", "cidade": "Belo Horizonte"}
    ],
    "PA": [
      {"cep": "66010-020", "rua": "Avenida Presidente Vargas", "bairro": "Campina", "cidade": "Belém"},
      {"cep": "66020-000", "rua": "Travessa Padre Eutíquio", "bairro": "Campina", "cidade": "Belém"},
      {"cep": "66053-000", "rua": "Avenida Nazaré", "bairro": "Nazaré", "cidade": "Belém"},
      {"cep": "66040-020", "rua": "Travessa 14 de Março", "bairro": "São Brás", "cidade": "Belém"},
      {"cep": "66060-490", "rua": "Avenida Generalíssimo Deodoro", "bairro": "Umarizal", "cidade": "Belém"},
      {"cep": "66050-160", "rua": "Travessa Quintino Bocaiúva", "bairro": "Nazaré", "cidade": "Belém"},
      {"cep": "66015-200", "rua": "Avenida Visconde de Souza Franco", "bairro": "Reduto", "cidade": "Belém"},
      {"cep": "66035-190", "rua": "Travessa 3 de Maio", "bairro": "São Brás", "cidade": "Belém"},
      {"cep": "66063-240", "rua": "Rua Arcipreste Manoel Teodoro", "bairro": "Batista Campos", "cidade": "Belém"},
      {"cep": "66615-470", "rua": "Rua Cabo Frio", "bairro": "Marambaia", "cidade": "Belém"}
    ],
    "PB": [
      {"cep": "58010-760", "rua": "Avenida Epitácio Pessoa", "bairro": "Tambaú", "cidade": "João Pessoa"},
      {"cep": "58039-130", "rua": "Avenida Dom Pedro II", "bairro": "Torre", "cidade": "João Pessoa"},
      {"cep": "58020-540", "rua": "Rua Duque de Caxias", "bairro": "Centro", "cidade": "João Pessoa"},
      {"cep": "58013-240", "rua": "Avenida Cabo Branco", "bairro": "Cabo Branco", "cidade": "João Pessoa"},
      {"cep": "58038-320", "rua": "Rua General Osório", "bairro": "Centro", "cidade": "João Pessoa"},
      {"cep": "58051-900", "rua": "Avenida Presidente Getúlio Vargas", "bairro": "Jaguaribe", "cidade": "João Pessoa"},
      {"cep": "58032-100", "rua": "Rua Maciel Pinheiro", "bairro": "Centro", "cidade": "João Pessoa"},
      {"cep": "58037-010", "rua": "Rua Barão do Triunfo", "bairro": "Centro", "cidade": "João Pessoa"},
      {"cep": "58011-120", "rua": "Avenida Ruy Carneiro", "bairro": "Manaíra", "cidade": "João Pessoa"},
      {"cep": "58045-180", "rua": "Avenida Cruz das Armas", "bairro": "Cruz das Armas", "cidade": "João Pessoa"}
    ],
    "PR": [
      {"cep": "80020-010", "rua": "Rua XV de Novembro", "bairro": "Centro", "cidade": "Curitiba"},
      {"cep": "80010-030", "rua": "Avenida Cândido de Abreu", "bairro": "Centro Cívico", "cidade": "Curitiba"},
      {"cep": "80060-150", "rua": "Rua Barão do Rio Branco", "bairro": "Centro", "cidade": "Curitiba"},
      {"cep": "80250-030", "rua": "Avenida Sete de Setembro", "bairro": "Batel", "cidade": "Curitiba"},
      {"cep": "80420-010", "rua": "Rua Comendador Araújo", "bairro": "Centro", "cidade": "Curitiba"},
      {"cep": "80730-030", "rua": "Avenida Marechal Floriano Peixoto", "bairro": "Rebouças", "cidade": "Curitiba"},
      {"cep": "80050-340", "rua": "Praça Tiradentes", "bairro": "Centro", "cidade": "Curitiba"},
      {"cep": "80240-060", "rua": "Avenida Vicente Machado", "bairro": "Batel", "cidade": "Curitiba"},
      {"cep": "80410-170", "rua": "Rua Marechal Deodoro", "bairro": "Centro", "cidade": "Curitiba"},
      {"cep": "80610-010", "rua": "Avenida República Argentina", "bairro": "Água Verde", "cidade": "Curitiba"}
    ],
    "PE": [
      {"cep": "50010-000", "rua": "Avenida Guararapes", "bairro": "Santo Antônio", "cidade": "Recife"},
      {"cep": "50030-230", "rua": "Rua do Bom Jesus", "bairro": "Recife", "cidade": "Recife"},
      {"cep": "50050-410", "rua": "Avenida Dantas Barreto", "bairro": "São José", "cidade": "Recife"},
      {"cep": "51020-031", "rua": "Avenida Boa Viagem", "bairro": "Boa Viagem", "cidade": "Recife"},
      {"cep": "52060-010", "rua": "Avenida Caxangá", "bairro": "Cordeiro", "cidade": "Recife"},
      {"cep": "50070-420", "rua": "Rua da Aurora", "bairro": "Santo Amaro", "cidade": "Recife"},
      {"cep": "50740-530", "rua": "Avenida Conselheiro Rosa e Silva", "bairro": "Espinheiro", "cidade": "Recife"},
      {"cep": "50030-310", "rua": "Rua da Moeda", "bairro": "Recife", "cidade": "Recife"},
      {"cep": "50060-120", "rua": "Rua do Hospício", "bairro": "Boa Vista", "cidade": "Recife"},
      {"cep": "51110-160", "rua": "Avenida Domingos Ferreira", "bairro": "Boa Viagem", "cidade": "Recife"}
    ],
    "PI": [
      {"cep": "64000-060", "rua": "Rua Álvaro Mendes", "bairro": "Centro", "cidade": "Teresina"},
      {"cep": "64001-020", "rua": "Avenida Frei Serafim", "bairro": "Centro", "cidade": "Teresina"},
      {"cep": "64002-150", "rua": "Rua Coelho Rodrigues", "bairro": "Centro", "cidade": "Teresina"},
      {"cep": "64049-550", "rua": "Avenida Maranhão", "bairro": "Jockey", "cidade": "Teresina"},
      {"cep": "64019-625", "rua": "Avenida Barão de Gurguéia", "bairro": "Vermelha", "cidade": "Teresina"},
      {"cep": "64003-090", "rua": "Rua Paissandu", "bairro": "Centro", "cidade": "Teresina"},
      {"cep": "64010-100", "rua": "Praça Pedro II", "bairro": "Centro", "cidade": "Teresina"},
      {"cep": "64052-280", "rua": "Avenida Miguel Rosa", "bairro": "São Cristóvão", "cidade": "Teresina"},
      {"cep": "64015-170", "rua": "Rua Firmino Pires", "bairro": "Centro", "cidade": "Teresina"},
      {"cep": "64001-280", "rua": "Rua Elizeu Martins", "bairro": "Centro", "cidade": "Teresina"}
    ],
    "RJ": [
      {"cep": "20040-020", "rua": "Avenida Rio Branco", "bairro": "Centro", "cidade": "Rio de Janeiro"},
      {"cep": "22010-010", "rua": "Avenida Atlântica", "bairro": "Copacabana", "cidade": "Rio de Janeiro"},
      {"cep": "22050-001", "rua": "Avenida Nossa Senhora de Copacabana", "bairro": "Copacabana", "cidade": "Rio de Janeiro"},
      {"cep": "22411-030", "rua": "Avenida Vieira Souto", "bairro": "Ipanema", "cidade": "Rio de Janeiro"},
      {"cep": "22431-041", "rua": "Rua Visconde de Pirajá", "bairro": "Ipanema", "cidade": "Rio de Janeiro"},
      {"cep": "20031-170", "rua": "Rua da Carioca", "bairro": "Centro", "cidade": "Rio de Janeiro"},
      {"cep": "22640-102", "rua": "Avenida das Américas", "bairro": "Barra da Tijuca", "cidade": "Rio de Janeiro"},
      {"cep": "20051-011", "rua": "Avenida Presidente Vargas", "bairro": "Centro", "cidade": "Rio de Janeiro"},
      {"cep": "22250-040", "rua": "Rua Barata Ribeiro", "bairro": "Copacabana", "cidade": "Rio de Janeiro"},
      {"cep": "20021-140", "rua": "Rua Primeiro de Março", "bairro": "Centro", "cidade": "Rio de Janeiro"}
    ],
    "RN": [
      {"cep": "59025-500", "rua": "Avenida Rio Branco", "bairro": "Cidade Alta", "cidade": "Natal"},
      {"cep": "59010-180", "rua": "Rua Chile", "bairro": "Ribeira", "cidade": "Natal"},
      {"cep": "59020-100", "rua": "Avenida Prudente de Morais", "bairro": "Tirol", "cidade": "Natal"},
      {"cep": "59022-000", "rua": "Avenida Hermes da Fonseca", "bairro": "Tirol", "cidade": "Natal"},
      {"cep": "59064-901", "rua": "Avenida Engenheiro Roberto Freire", "bairro": "Capim Macio", "cidade": "Natal"},
      {"cep": "59078-970", "rua": "Avenida Senador Salgado Filho", "bairro": "Lagoa Nova", "cidade": "Natal"},
      {"cep": "59012-570", "rua": "Rua Tavares de Lira", "bairro": "Ribeira", "cidade": "Natal"},
      {"cep": "59040-100", "rua": "Avenida Bernardo Vieira", "bairro": "Tirol", "cidade": "Natal"},
      {"cep": "59014-100", "rua": "Rua Princesa Isabel", "bairro": "Ribeira", "cidade": "Natal"},
      {"cep": "59025-100", "rua": "Rua Jaguarari", "bairro": "Cidade Alta", "cidade": "Natal"}
    ],
    "RS": [
      {"cep": "90010-270", "rua": "Avenida Borges de Medeiros", "bairro": "Centro", "cidade": "Porto Alegre"},
      {"cep": "90020-090", "rua": "Rua dos Andradas", "bairro": "Centro", "cidade": "Porto Alegre"},
      {"cep": "90035-000", "rua": "Avenida Salgado Filho", "bairro": "Navegantes", "cidade": "Porto Alegre"},
      {"cep": "90040-371", "rua": "Rua Voluntários da Pátria", "bairro": "Floresta", "cidade": "Porto Alegre"},
      {"cep": "90430-001", "rua": "Avenida Ipiranga", "bairro": "Praia de Belas", "cidade": "Porto Alegre"},
      {"cep": "90610-000", "rua": "Avenida Bento Gonçalves", "bairro": "Partenon", "cidade": "Porto Alegre"},
      {"cep": "90050-170", "rua": "Rua General Câmara", "bairro": "Centro", "cidade": "Porto Alegre"},
      {"cep": "90230-181", "rua": "Avenida Osvaldo Aranha", "bairro": "Bom Fim", "cidade": "Porto Alegre"},
      {"cep": "91040-000", "rua": "Avenida Protásio Alves", "bairro": "Petrópolis", "cidade": "Porto Alegre"},
      {"cep": "90160-093", "rua": "Rua da Praia", "bairro": "Centro", "cidade": "Porto Alegre"}
    ],
    "RO": [
      {"cep": "76801-001", "rua": "Avenida Sete de Setembro", "bairro": "Centro", "cidade": "Porto Velho"},
      {"cep": "76803-884", "rua": "Avenida Presidente Dutra", "bairro": "Olaria", "cidade": "Porto Velho"},
      {"cep": "76804-070", "rua": "Avenida Jorge Teixeira", "bairro": "Embratel", "cidade": "Porto Velho"},
      {"cep": "76801-326", "rua": "Rua José de Alencar", "bairro": "Centro", "cidade": "Porto Velho"},
      {"cep": "76820-876", "rua": "Avenida Rio Madeira", "bairro": "Três Marias", "cidade": "Porto Velho"},
      {"cep": "76801-092", "rua": "Rua Tabajara", "bairro": "Centro", "cidade": "Porto Velho"},
      {"cep": "76801-424", "rua": "Avenida Campos Sales", "bairro": "Centro", "cidade": "Porto Velho"},
      {"cep": "76803-620", "rua": "Rua Almirante Barroso", "bairro": "Mocambo", "cidade": "Porto Velho"},
      {"cep": "76801-256", "rua": "Rua Carlos Gomes", "bairro": "Centro", "cidade": "Porto Velho"},
      {"cep": "76804-372", "rua": "Avenida Lauro Sodré", "bairro": "Jardim Eldorado", "cidade": "Porto Velho"}
    ],
    "RR": [
      {"cep": "69301-380", "rua": "Avenida Jaime Brasil", "bairro": "São Francisco", "cidade": "Boa Vista"},
      {"cep": "69306-530", "rua": "Avenida Capitão Ene Garcez", "bairro": "Aeroporto", "cidade": "Boa Vista"},
      {"cep": "69304-650", "rua": "Rua Coronel Mota", "bairro": "Centro", "cidade": "Boa Vista"},
      {"cep": "69301-110", "rua": "Avenida Ville Roy", "bairro": "Centro", "cidade": "Boa Vista"},
      {"cep": "69307-120", "rua": "Avenida Venezuela", "bairro": "Pricumã", "cidade": "Boa Vista"},
      {"cep": "69305-170", "rua": "Rua Cecília Brasil", "bairro": "Centro", "cidade": "Boa Vista"},
      {"cep": "69304-010", "rua": "Avenida Glaycon de Paiva", "bairro": "Centro", "cidade": "Boa Vista"},
      {"cep": "69308-610", "rua": "Avenida Major Williams", "bairro": "São Vicente", "cidade": "Boa Vista"},
      {"cep": "69301-020", "rua": "Rua Alfredo Cruz", "bairro": "Centro", "cidade": "Boa Vista"},
      {"cep": "69312-104", "rua": "Avenida Bento Brasil", "bairro": "Paraviana", "cidade": "Boa Vista"}
    ],
    "SC": [
      {"cep": "88010-400", "rua": "Rua Felipe Schmidt", "bairro": "Centro", "cidade": "Florianópolis"},
      {"cep": "88015-130", "rua": "Avenida Hercílio Luz", "bairro": "Centro", "cidade": "Florianópolis"},
      {"cep": "88020-300", "rua": "Avenida Beira-Mar Norte", "bairro": "Centro", "cidade": "Florianópolis"},
      {"cep": "88025-500", "rua": "Rua Bocaiúva", "bairro": "Centro", "cidade": "Florianópolis"},
      {"cep": "88040-400", "rua": "Avenida Mauro Ramos", "bairro": "Centro", "cidade": "Florianópolis"},
      {"cep": "88062-050", "rua": "Avenida Pequeno Príncipe", "bairro": "Campeche", "cidade": "Florianópolis"},
      {"cep": "88015-400", "rua": "Rua Conselheiro Mafra", "bairro": "Centro", "cidade": "Florianópolis"},
      {"cep": "88036-003", "rua": "Avenida Jornalista Rubens de Arruda Ramos", "bairro": "Centro", "cidade": "Florianópolis"},
      {"cep": "88010-020", "rua": "Praça XV de Novembro", "bairro": "Centro", "cidade": "Florianópolis"},
      {"cep": "88025-300", "rua": "Rua Trajano", "bairro": "Centro", "cidade": "Florianópolis"}
    ],
    "SE": [
      {"cep": "49010-150", "rua": "Rua Laranjeiras", "bairro": "Centro", "cidade": "Aracaju"},
      {"cep": "49015-230", "rua": "Avenida Barão de Maruim", "bairro": "São José", "cidade": "Aracaju"},
      {"cep": "49025-020", "rua": "Rua Itabaianinha", "bairro": "Centro", "cidade": "Aracaju"},
      {"cep": "49037-470", "rua": "Avenida Beira Mar", "bairro": "Atalaia", "cidade": "Aracaju"},
      {"cep": "49026-010", "rua": "Rua de Propriá", "bairro": "Centro", "cidade": "Aracaju"},
      {"cep": "49010-050", "rua": "Praça General Valadão", "bairro": "Centro", "cidade": "Aracaju"},
      {"cep": "49010-390", "rua": "Rua São Cristóvão", "bairro": "Centro", "cidade": "Aracaju"},
      {"cep": "49020-390", "rua": "Avenida Ivo do Prado", "bairro": "São José", "cidade": "Aracaju"},
      {"cep": "49015-090", "rua": "Rua Campos", "bairro": "Centro", "cidade": "Aracaju"},
      {"cep": "49040-490", "rua": "Avenida Santos Dumont", "bairro": "Atalaia", "cidade": "Aracaju"}
    ],
    "SP": [
      {"cep": "01310-100", "rua": "Avenida Paulista", "bairro": "Bela Vista", "cidade": "São Paulo"},
      {"cep": "01310-200", "rua": "Rua Augusta", "bairro": "Consolação", "cidade": "São Paulo"},
      {"cep": "01007-010", "rua": "Praça da Sé", "bairro": "Sé", "cidade": "São Paulo"},
      {"cep": "01239-040", "rua": "Rua da Consolação", "bairro": "Consolação", "cidade": "São Paulo"},
      {"cep": "01046-010", "rua": "Avenida São João", "bairro": "Centro", "cidade": "São Paulo"},
      {"cep": "04543-011", "rua": "Avenida Brigadeiro Faria Lima", "bairro": "Itaim Bibi", "cidade": "São Paulo"},
      {"cep": "05402-000", "rua": "Avenida Doutor Arnaldo", "bairro": "Sumaré", "cidade": "São Paulo"},
      {"cep": "01414-001", "rua": "Avenida Rebouças", "bairro": "Pinheiros", "cidade": "São Paulo"},
      {"cep": "01311-100", "rua": "Rua Haddock Lobo", "bairro": "Cerqueira César", "cidade": "São Paulo"},
      {"cep": "05508-010", "rua": "Avenida Nove de Julho", "bairro": "Jardim Paulista", "cidade": "São Paulo"}
    ],
    "TO": [
      {"cep": "77001-002", "rua": "Avenida Teotônio Segurado", "bairro": "Centro", "cidade": "Palmas"},
      {"cep": "77006-336", "rua": "Avenida Joaquim Teotônio Segurado", "bairro": "Plano Diretor Sul", "cidade": "Palmas"},
      {"cep": "77015-400", "rua": "Avenida NS 01", "bairro": "Plano Diretor Norte", "cidade": "Palmas"},
      {"cep": "77021-654", "rua": "Avenida LO 25", "bairro": "Plano Diretor Sul", "cidade": "Palmas"},
      {"cep": "77015-102", "rua": "Quadra 103 Norte", "bairro": "Plano Diretor Norte", "cidade": "Palmas"},
      {"cep": "77024-036", "rua": "Quadra 406 Sul", "bairro": "Plano Diretor Sul", "cidade": "Palmas"},
      {"cep": "77001-036", "rua": "Avenida JK", "bairro": "Centro", "cidade": "Palmas"},
      {"cep": "77020-002", "rua": "Avenida NS 10", "bairro": "Plano Diretor Sul", "cidade": "Palmas"},
      {"cep": "77016-014", "rua": "Quadra 206 Norte", "bairro": "Plano Diretor Norte", "cidade": "Palmas"},
      {"cep": "77023-104", "rua": "Quadra 504 Sul", "bairro": "Plano Diretor Sul", "cidade": "Palmas"}
    ]
  }
}